{"cameraMode":{"drawMode":0,"name":"Shaded","section":"Shading Mode"},"sceneLighting":true,"audioPlay":false,"sceneViewState":{"showFog":true,"showMaterialUpdate":false,"showSkybox":true,"showFlares":true,"showImageEffects":true,"showParticleSystems":true},"in2DMode":false,"pivot":{"x":2.244779348373413,"y":0.30952391028404238,"z":15.787177085876465},"rotation":{"x":-0.2685670256614685,"y":-0.052193738520145419,"z":0.014578168280422688,"w":-0.9617557525634766},"size":4.6275858879089359,"orthographic":false}